"","year","date.deploy","DOY","trap.no","treatment","Location","notes","species","value"
"1",2015,2015-08-03,215,2,"A","Woody",NA,"sculpin",0
"2",2015,2015-08-03,215,2,"A","Woody",NA,"3-spine",1
"3",2015,2015-08-03,215,5,"A","Woody",NA,"sculpin",0
"4",2015,2015-08-03,215,5,"A","Woody",NA,"3-spine",0
"5",2015,2015-08-03,215,8,"A","Woody",NA,"sculpin",1
"6",2015,2015-08-03,215,8,"A","Woody",NA,"3-spine",0
"7",2015,2015-08-03,215,11,"A","Woody",NA,"sculpin",0
"8",2015,2015-08-03,215,11,"A","Woody",NA,"3-spine",0
"9",2015,2015-08-03,215,14,"A","Woody",NA,"sculpin",0
"10",2015,2015-08-03,215,14,"A","Woody",NA,"3-spine",0
"11",2015,2015-08-03,215,1,"C","Woody",NA,"sculpin",0
"12",2015,2015-08-03,215,1,"C","Woody",NA,"3-spine",0
"13",2015,2015-08-03,215,4,"C","Woody",NA,"sculpin",0
"14",2015,2015-08-03,215,4,"C","Woody",NA,"3-spine",0
"15",2015,2015-08-03,215,7,"C","Woody",NA,"sculpin",0
"16",2015,2015-08-03,215,7,"C","Woody",NA,"3-spine",0
"17",2015,2015-08-03,215,10,"C","Woody",NA,"sculpin",0
"18",2015,2015-08-03,215,10,"C","Woody",NA,"3-spine",0
"19",2015,2015-08-03,215,13,"C","Woody",NA,"sculpin",0
"20",2015,2015-08-03,215,13,"C","Woody",NA,"3-spine",0
"21",2015,2015-08-03,215,3,"E","Woody",NA,"sculpin",0
"22",2015,2015-08-03,215,3,"E","Woody",NA,"3-spine",2
"23",2015,2015-08-03,215,6,"E","Woody",NA,"sculpin",5
"24",2015,2015-08-03,215,6,"E","Woody",NA,"3-spine",0
"25",2015,2015-08-03,215,9,"E","Woody",NA,"sculpin",5
"26",2015,2015-08-03,215,9,"E","Woody",NA,"3-spine",0
"27",2015,2015-08-03,215,12,"E","Woody",NA,"sculpin",5
"28",2015,2015-08-03,215,12,"E","Woody",NA,"3-spine",1
"29",2015,2015-08-03,215,15,"E","Woody",NA,"sculpin",3
"30",2015,2015-08-03,215,15,"E","Woody",NA,"3-spine",0
"31",2015,2015-08-03,215,2,"A","Fuel Dump",NA,"sculpin",0
"32",2015,2015-08-03,215,2,"A","Fuel Dump",NA,"3-spine",0
"33",2015,2015-08-03,215,5,"A","Fuel Dump",NA,"sculpin",0
"34",2015,2015-08-03,215,5,"A","Fuel Dump",NA,"3-spine",0
"35",2015,2015-08-03,215,8,"A","Fuel Dump",NA,"sculpin",0
"36",2015,2015-08-03,215,8,"A","Fuel Dump",NA,"3-spine",1
"37",2015,2015-08-03,215,11,"A","Fuel Dump",NA,"sculpin",1
"38",2015,2015-08-03,215,11,"A","Fuel Dump",NA,"3-spine",0
"39",2015,2015-08-03,215,14,"A","Fuel Dump",NA,"sculpin",0
"40",2015,2015-08-03,215,14,"A","Fuel Dump",NA,"3-spine",1
"41",2015,2015-08-03,215,1,"C","Fuel Dump",NA,"sculpin",0
"42",2015,2015-08-03,215,1,"C","Fuel Dump",NA,"3-spine",0
"43",2015,2015-08-03,215,4,"C","Fuel Dump",NA,"sculpin",0
"44",2015,2015-08-03,215,4,"C","Fuel Dump",NA,"3-spine",4
"45",2015,2015-08-03,215,7,"C","Fuel Dump",NA,"sculpin",0
"46",2015,2015-08-03,215,7,"C","Fuel Dump",NA,"3-spine",0
"47",2015,2015-08-03,215,10,"C","Fuel Dump",NA,"sculpin",0
"48",2015,2015-08-03,215,10,"C","Fuel Dump",NA,"3-spine",2
"49",2015,2015-08-03,215,13,"C","Fuel Dump",NA,"sculpin",0
"50",2015,2015-08-03,215,13,"C","Fuel Dump",NA,"3-spine",1
"51",2015,2015-08-03,215,3,"E","Fuel Dump",NA,"sculpin",0
"52",2015,2015-08-03,215,3,"E","Fuel Dump",NA,"3-spine",2
"53",2015,2015-08-03,215,6,"E","Fuel Dump",NA,"sculpin",0
"54",2015,2015-08-03,215,6,"E","Fuel Dump",NA,"3-spine",13
"55",2015,2015-08-03,215,9,"E","Fuel Dump",NA,"sculpin",0
"56",2015,2015-08-03,215,9,"E","Fuel Dump",NA,"3-spine",18
"57",2015,2015-08-03,215,12,"E","Fuel Dump",NA,"sculpin",2
"58",2015,2015-08-03,215,12,"E","Fuel Dump",NA,"3-spine",3
"59",2015,2015-08-03,215,15,"E","Fuel Dump",NA,"sculpin",1
"60",2015,2015-08-03,215,15,"E","Fuel Dump",NA,"3-spine",4
"61",2015,2015-08-04,216,2,"A","Woody",NA,"sculpin",0
"62",2015,2015-08-04,216,2,"A","Woody",NA,"3-spine",2
"63",2015,2015-08-04,216,5,"A","Woody",NA,"sculpin",0
"64",2015,2015-08-04,216,5,"A","Woody",NA,"3-spine",0
"65",2015,2015-08-04,216,8,"A","Woody",NA,"sculpin",0
"66",2015,2015-08-04,216,8,"A","Woody",NA,"3-spine",1
"67",2015,2015-08-04,216,11,"A","Woody",NA,"sculpin",0
"68",2015,2015-08-04,216,11,"A","Woody",NA,"3-spine",0
"69",2015,2015-08-04,216,14,"A","Woody",NA,"sculpin",0
"70",2015,2015-08-04,216,14,"A","Woody",NA,"3-spine",0
"71",2015,2015-08-04,216,4,"C","Woody",NA,"sculpin",0
"72",2015,2015-08-04,216,4,"C","Woody",NA,"3-spine",0
"73",2015,2015-08-04,216,7,"C","Woody",NA,"sculpin",1
"74",2015,2015-08-04,216,7,"C","Woody",NA,"3-spine",1
"75",2015,2015-08-04,216,10,"C","Woody",NA,"sculpin",4
"76",2015,2015-08-04,216,10,"C","Woody",NA,"3-spine",0
"77",2015,2015-08-04,216,13,"C","Woody",NA,"sculpin",1
"78",2015,2015-08-04,216,13,"C","Woody",NA,"3-spine",0
"79",2015,2015-08-04,216,3,"E","Woody",NA,"sculpin",21
"80",2015,2015-08-04,216,3,"E","Woody",NA,"3-spine",8
"81",2015,2015-08-04,216,6,"E","Woody",NA,"sculpin",13
"82",2015,2015-08-04,216,6,"E","Woody",NA,"3-spine",1
"83",2015,2015-08-04,216,9,"E","Woody",NA,"sculpin",105
"84",2015,2015-08-04,216,9,"E","Woody",NA,"3-spine",0
"85",2015,2015-08-04,216,12,"E","Woody",NA,"sculpin",17
"86",2015,2015-08-04,216,12,"E","Woody",NA,"3-spine",0
"87",2015,2015-08-04,216,15,"E","Woody",NA,"sculpin",6
"88",2015,2015-08-04,216,15,"E","Woody",NA,"3-spine",0
"89",2015,2015-08-05,217,2,"A","Fuel Dump",NA,"sculpin",0
"90",2015,2015-08-05,217,2,"A","Fuel Dump",NA,"3-spine",0
"91",2015,2015-08-05,217,5,"A","Fuel Dump",NA,"sculpin",8
"92",2015,2015-08-05,217,5,"A","Fuel Dump",NA,"3-spine",0
"93",2015,2015-08-05,217,8,"A","Fuel Dump",NA,"sculpin",0
"94",2015,2015-08-05,217,8,"A","Fuel Dump",NA,"3-spine",2
"95",2015,2015-08-05,217,11,"A","Fuel Dump",NA,"sculpin",1
"96",2015,2015-08-05,217,11,"A","Fuel Dump",NA,"3-spine",3
"97",2015,2015-08-05,217,14,"A","Fuel Dump",NA,"sculpin",1
"98",2015,2015-08-05,217,14,"A","Fuel Dump",NA,"3-spine",4
"99",2015,2015-08-05,217,4,"C","Fuel Dump",NA,"sculpin",0
"100",2015,2015-08-05,217,4,"C","Fuel Dump",NA,"3-spine",0
"101",2015,2015-08-05,217,7,"C","Fuel Dump",NA,"sculpin",1
"102",2015,2015-08-05,217,7,"C","Fuel Dump",NA,"3-spine",0
"103",2015,2015-08-05,217,10,"C","Fuel Dump",NA,"sculpin",0
"104",2015,2015-08-05,217,10,"C","Fuel Dump",NA,"3-spine",2
"105",2015,2015-08-05,217,13,"C","Fuel Dump",NA,"sculpin",1
"106",2015,2015-08-05,217,13,"C","Fuel Dump",NA,"3-spine",2
"107",2015,2015-08-05,217,3,"E","Fuel Dump",NA,"sculpin",10
"108",2015,2015-08-05,217,3,"E","Fuel Dump",NA,"3-spine",3
"109",2015,2015-08-05,217,6,"E","Fuel Dump",NA,"sculpin",15
"110",2015,2015-08-05,217,6,"E","Fuel Dump",NA,"3-spine",1
"111",2015,2015-08-05,217,9,"E","Fuel Dump",NA,"sculpin",11
"112",2015,2015-08-05,217,9,"E","Fuel Dump",NA,"3-spine",0
"113",2015,2015-08-05,217,12,"E","Fuel Dump",NA,"sculpin",40
"114",2015,2015-08-05,217,12,"E","Fuel Dump",NA,"3-spine",2
"115",2015,2015-08-05,217,15,"E","Fuel Dump",NA,"sculpin",19
"116",2015,2015-08-05,217,15,"E","Fuel Dump",NA,"3-spine",9
"117",2015,2015-08-06,218,2,"A","Woody",NA,"sculpin",0
"118",2015,2015-08-06,218,2,"A","Woody",NA,"3-spine",0
"119",2015,2015-08-06,218,5,"A","Woody",NA,"sculpin",0
"120",2015,2015-08-06,218,5,"A","Woody",NA,"3-spine",0
"121",2015,2015-08-06,218,8,"A","Woody",NA,"sculpin",4
"122",2015,2015-08-06,218,8,"A","Woody",NA,"3-spine",0
"123",2015,2015-08-06,218,11,"A","Woody",NA,"sculpin",11
"124",2015,2015-08-06,218,11,"A","Woody",NA,"3-spine",0
"125",2015,2015-08-06,218,14,"A","Woody",NA,"sculpin",1
"126",2015,2015-08-06,218,14,"A","Woody",NA,"3-spine",0
"127",2015,2015-08-06,218,4,"C","Woody",NA,"sculpin",0
"128",2015,2015-08-06,218,4,"C","Woody",NA,"3-spine",2
"129",2015,2015-08-06,218,7,"C","Woody",NA,"sculpin",4
"130",2015,2015-08-06,218,7,"C","Woody",NA,"3-spine",0
"131",2015,2015-08-06,218,10,"C","Woody",NA,"sculpin",3
"132",2015,2015-08-06,218,10,"C","Woody",NA,"3-spine",0
"133",2015,2015-08-06,218,13,"C","Woody",NA,"sculpin",0
"134",2015,2015-08-06,218,13,"C","Woody",NA,"3-spine",0
"135",2015,2015-08-06,218,3,"E","Woody",NA,"sculpin",5
"136",2015,2015-08-06,218,3,"E","Woody",NA,"3-spine",0
"137",2015,2015-08-06,218,6,"E","Woody",NA,"sculpin",6
"138",2015,2015-08-06,218,6,"E","Woody",NA,"3-spine",0
"139",2015,2015-08-06,218,9,"E","Woody",NA,"sculpin",73
"140",2015,2015-08-06,218,9,"E","Woody",NA,"3-spine",0
"141",2015,2015-08-06,218,12,"E","Woody",NA,"sculpin",19
"142",2015,2015-08-06,218,12,"E","Woody",NA,"3-spine",1
"143",2015,2015-08-06,218,15,"E","Woody",NA,"sculpin",6
"144",2015,2015-08-06,218,15,"E","Woody",NA,"3-spine",0
"145",2015,2015-08-07,219,2,"A","Fuel Dump",NA,"sculpin",0
"146",2015,2015-08-07,219,2,"A","Fuel Dump",NA,"3-spine",7
"147",2015,2015-08-07,219,5,"A","Fuel Dump",NA,"sculpin",1
"148",2015,2015-08-07,219,5,"A","Fuel Dump",NA,"3-spine",0
"149",2015,2015-08-07,219,8,"A","Fuel Dump",NA,"sculpin",0
"150",2015,2015-08-07,219,8,"A","Fuel Dump",NA,"3-spine",4
"151",2015,2015-08-07,219,11,"A","Fuel Dump",NA,"sculpin",0
"152",2015,2015-08-07,219,11,"A","Fuel Dump",NA,"3-spine",0
"153",2015,2015-08-07,219,14,"A","Fuel Dump",NA,"sculpin",0
"154",2015,2015-08-07,219,14,"A","Fuel Dump",NA,"3-spine",2
"155",2015,2015-08-07,219,1,"C","Fuel Dump",NA,"sculpin",2
"156",2015,2015-08-07,219,1,"C","Fuel Dump",NA,"3-spine",0
"157",2015,2015-08-07,219,4,"C","Fuel Dump",NA,"sculpin",0
"158",2015,2015-08-07,219,4,"C","Fuel Dump",NA,"3-spine",3
"159",2015,2015-08-07,219,7,"C","Fuel Dump",NA,"sculpin",1
"160",2015,2015-08-07,219,7,"C","Fuel Dump",NA,"3-spine",0
"161",2015,2015-08-07,219,10,"C","Fuel Dump",NA,"sculpin",1
"162",2015,2015-08-07,219,10,"C","Fuel Dump",NA,"3-spine",4
"163",2015,2015-08-07,219,13,"C","Fuel Dump",NA,"sculpin",1
"164",2015,2015-08-07,219,13,"C","Fuel Dump",NA,"3-spine",2
"165",2015,2015-08-07,219,3,"E","Fuel Dump",NA,"sculpin",7
"166",2015,2015-08-07,219,3,"E","Fuel Dump",NA,"3-spine",0
"167",2015,2015-08-07,219,6,"E","Fuel Dump",NA,"sculpin",1
"168",2015,2015-08-07,219,6,"E","Fuel Dump",NA,"3-spine",0
"169",2015,2015-08-07,219,9,"E","Fuel Dump",NA,"sculpin",8
"170",2015,2015-08-07,219,9,"E","Fuel Dump",NA,"3-spine",0
"171",2015,2015-08-07,219,12,"E","Fuel Dump",NA,"sculpin",6
"172",2015,2015-08-07,219,12,"E","Fuel Dump",NA,"3-spine",1
"173",2015,2015-08-07,219,15,"E","Fuel Dump",NA,"sculpin",2
"174",2015,2015-08-07,219,15,"E","Fuel Dump",NA,"3-spine",3
"175",2015,2015-08-09,221,15,"E","Woody",NA,"sculpin",1
"176",2015,2015-08-09,221,15,"E","Woody",NA,"3-spine",1
"177",2015,2015-08-09,221,2,"A","Woody",NA,"sculpin",0
"178",2015,2015-08-09,221,2,"A","Woody",NA,"3-spine",4
"179",2015,2015-08-09,221,5,"A","Woody",NA,"sculpin",1
"180",2015,2015-08-09,221,5,"A","Woody",NA,"3-spine",0
"181",2015,2015-08-09,221,8,"A","Woody",NA,"sculpin",3
"182",2015,2015-08-09,221,8,"A","Woody",NA,"3-spine",1
"183",2015,2015-08-09,221,11,"A","Woody",NA,"sculpin",1
"184",2015,2015-08-09,221,11,"A","Woody",NA,"3-spine",0
"185",2015,2015-08-09,221,14,"A","Woody",NA,"sculpin",0
"186",2015,2015-08-09,221,14,"A","Woody",NA,"3-spine",3
"187",2015,2015-08-09,221,1,"C","Woody",NA,"sculpin",2
"188",2015,2015-08-09,221,1,"C","Woody",NA,"3-spine",3
"189",2015,2015-08-09,221,4,"C","Woody",NA,"sculpin",1
"190",2015,2015-08-09,221,4,"C","Woody",NA,"3-spine",3
"191",2015,2015-08-09,221,7,"C","Woody",NA,"sculpin",7
"192",2015,2015-08-09,221,7,"C","Woody",NA,"3-spine",0
"193",2015,2015-08-09,221,10,"C","Woody",NA,"sculpin",64
"194",2015,2015-08-09,221,10,"C","Woody",NA,"3-spine",0
"195",2015,2015-08-09,221,13,"C","Woody",NA,"sculpin",4
"196",2015,2015-08-09,221,13,"C","Woody",NA,"3-spine",1
"197",2015,2015-08-09,221,3,"E","Woody",NA,"sculpin",0
"198",2015,2015-08-09,221,3,"E","Woody",NA,"3-spine",0
"199",2015,2015-08-09,221,6,"E","Woody",NA,"sculpin",4
"200",2015,2015-08-09,221,6,"E","Woody",NA,"3-spine",0
"201",2015,2015-08-09,221,9,"E","Woody",NA,"sculpin",8
"202",2015,2015-08-09,221,9,"E","Woody",NA,"3-spine",0
"203",2015,2015-08-09,221,12,"E","Woody",NA,"sculpin",8
"204",2015,2015-08-09,221,12,"E","Woody",NA,"3-spine",3
"205",2020,2020-08-04,217,2,"A","Fuel Dump",NA,"sculpin",1
"206",2020,2020-08-04,217,2,"A","Fuel Dump",NA,"3-spine",16
"207",2020,2020-08-04,217,4,"A","Fuel Dump",NA,"sculpin",3
"208",2020,2020-08-04,217,4,"A","Fuel Dump",NA,"3-spine",1
"209",2020,2020-08-04,217,15,"A","Fuel Dump",NA,"sculpin",1
"210",2020,2020-08-04,217,15,"A","Fuel Dump",NA,"3-spine",10
"211",2020,2020-08-04,217,17,"A","Fuel Dump",NA,"sculpin",4
"212",2020,2020-08-04,217,17,"A","Fuel Dump",NA,"3-spine",8
"213",2020,2020-08-04,217,18,"A","Fuel Dump",NA,"sculpin",2
"214",2020,2020-08-04,217,18,"A","Fuel Dump",NA,"3-spine",13
"215",2020,2020-08-04,217,1,"C","Fuel Dump",NA,"sculpin",2
"216",2020,2020-08-04,217,1,"C","Fuel Dump",NA,"3-spine",10
"217",2020,2020-08-04,217,10,"C","Fuel Dump",NA,"sculpin",0
"218",2020,2020-08-04,217,10,"C","Fuel Dump",NA,"3-spine",8
"219",2020,2020-08-04,217,11,"C","Fuel Dump",NA,"sculpin",0
"220",2020,2020-08-04,217,11,"C","Fuel Dump",NA,"3-spine",0
"221",2020,2020-08-04,217,12,"C","Fuel Dump",NA,"sculpin",1
"222",2020,2020-08-04,217,12,"C","Fuel Dump",NA,"3-spine",3
"223",2020,2020-08-04,217,19,"C","Fuel Dump",NA,"sculpin",0
"224",2020,2020-08-04,217,19,"C","Fuel Dump",NA,"3-spine",1
"225",2020,2020-08-04,217,6,"E","Fuel Dump",NA,"sculpin",73
"226",2020,2020-08-04,217,6,"E","Fuel Dump",NA,"3-spine",43
"227",2020,2020-08-04,217,7,"E","Fuel Dump",NA,"sculpin",69
"228",2020,2020-08-04,217,7,"E","Fuel Dump",NA,"3-spine",8
"229",2020,2020-08-04,217,8,"E","Fuel Dump",NA,"sculpin",9
"230",2020,2020-08-04,217,8,"E","Fuel Dump",NA,"3-spine",25
"231",2020,2020-08-04,217,16,"E","Fuel Dump",NA,"sculpin",42
"232",2020,2020-08-04,217,16,"E","Fuel Dump",NA,"3-spine",8
"233",2020,2020-08-04,217,20,"E","Fuel Dump",NA,"sculpin",142
"234",2020,2020-08-04,217,20,"E","Fuel Dump",NA,"3-spine",17
"235",2020,2020-08-04,217,3,"J","Fuel Dump",NA,"sculpin",6
"236",2020,2020-08-04,217,3,"J","Fuel Dump",NA,"3-spine",9
"237",2020,2020-08-04,217,5,"J","Fuel Dump","1 jumbo sculpin","sculpin",2
"238",2020,2020-08-04,217,5,"J","Fuel Dump","1 jumbo sculpin","3-spine",1
"239",2020,2020-08-04,217,9,"J","Fuel Dump",NA,"sculpin",3
"240",2020,2020-08-04,217,9,"J","Fuel Dump",NA,"3-spine",8
"241",2020,2020-08-04,217,13,"J","Fuel Dump",NA,"sculpin",0
"242",2020,2020-08-04,217,13,"J","Fuel Dump",NA,"3-spine",2
"243",2020,2020-08-04,217,14,"J","Fuel Dump",NA,"sculpin",9
"244",2020,2020-08-04,217,14,"J","Fuel Dump",NA,"3-spine",2
"245",2020,2020-08-05,218,19,"A","Fuel Dump",NA,"sculpin",1
"246",2020,2020-08-05,218,19,"A","Fuel Dump",NA,"3-spine",0
"247",2020,2020-08-05,218,18,"A","Fuel Dump",NA,"sculpin",0
"248",2020,2020-08-05,218,18,"A","Fuel Dump",NA,"3-spine",0
"249",2020,2020-08-05,218,16,"A","Fuel Dump",NA,"sculpin",0
"250",2020,2020-08-05,218,16,"A","Fuel Dump",NA,"3-spine",0
"251",2020,2020-08-05,218,14,"A","Fuel Dump",NA,"sculpin",0
"252",2020,2020-08-05,218,14,"A","Fuel Dump",NA,"3-spine",0
"253",2020,2020-08-05,218,13,"A","Fuel Dump",NA,"sculpin",0
"254",2020,2020-08-05,218,13,"A","Fuel Dump",NA,"3-spine",0
"255",2020,2020-08-05,218,17,"C","Fuel Dump",NA,"sculpin",0
"256",2020,2020-08-05,218,17,"C","Fuel Dump",NA,"3-spine",0
"257",2020,2020-08-05,218,15,"C","Fuel Dump",NA,"sculpin",0
"258",2020,2020-08-05,218,15,"C","Fuel Dump",NA,"3-spine",0
"259",2020,2020-08-05,218,7,"C","Fuel Dump",NA,"sculpin",0
"260",2020,2020-08-05,218,7,"C","Fuel Dump",NA,"3-spine",1
"261",2020,2020-08-05,218,6,"C","Fuel Dump",NA,"sculpin",0
"262",2020,2020-08-05,218,6,"C","Fuel Dump",NA,"3-spine",0
"263",2020,2020-08-05,218,1,"C","Fuel Dump",NA,"sculpin",1
"264",2020,2020-08-05,218,1,"C","Fuel Dump",NA,"3-spine",0
"265",2020,2020-08-05,218,20,"E","Fuel Dump",NA,"sculpin",5
"266",2020,2020-08-05,218,20,"E","Fuel Dump",NA,"3-spine",2
"267",2020,2020-08-05,218,12,"E","Fuel Dump",NA,"sculpin",15
"268",2020,2020-08-05,218,12,"E","Fuel Dump",NA,"3-spine",0
"269",2020,2020-08-05,218,11,"E","Fuel Dump",NA,"sculpin",52
"270",2020,2020-08-05,218,11,"E","Fuel Dump",NA,"3-spine",0
"271",2020,2020-08-05,218,3,"E","Fuel Dump",NA,"sculpin",37
"272",2020,2020-08-05,218,3,"E","Fuel Dump",NA,"3-spine",0
"273",2020,2020-08-05,218,2,"E","Fuel Dump",NA,"sculpin",58
"274",2020,2020-08-05,218,2,"E","Fuel Dump",NA,"3-spine",5
"275",2020,2020-08-05,218,10,"J","Fuel Dump",NA,"sculpin",3
"276",2020,2020-08-05,218,10,"J","Fuel Dump",NA,"3-spine",2
"277",2020,2020-08-05,218,9,"J","Fuel Dump",NA,"sculpin",0
"278",2020,2020-08-05,218,9,"J","Fuel Dump",NA,"3-spine",0
"279",2020,2020-08-05,218,8,"J","Fuel Dump",NA,"sculpin",0
"280",2020,2020-08-05,218,8,"J","Fuel Dump",NA,"3-spine",0
"281",2020,2020-08-05,218,5,"J","Fuel Dump",NA,"sculpin",4
"282",2020,2020-08-05,218,5,"J","Fuel Dump",NA,"3-spine",0
"283",2020,2020-08-05,218,4,"J","Fuel Dump",NA,"sculpin",0
"284",2020,2020-08-05,218,4,"J","Fuel Dump",NA,"3-spine",0
"285",2020,2020-08-06,219,20,"A","Fuel Dump",NA,"sculpin",7
"286",2020,2020-08-06,219,20,"A","Fuel Dump",NA,"3-spine",1
"287",2020,2020-08-06,219,10,"A","Fuel Dump",NA,"sculpin",6
"288",2020,2020-08-06,219,10,"A","Fuel Dump",NA,"3-spine",3
"289",2020,2020-08-06,219,9,"A","Fuel Dump",NA,"sculpin",1
"290",2020,2020-08-06,219,9,"A","Fuel Dump",NA,"3-spine",2
"291",2020,2020-08-06,219,6,"A","Fuel Dump",NA,"sculpin",8
"292",2020,2020-08-06,219,6,"A","Fuel Dump",NA,"3-spine",6
"293",2020,2020-08-06,219,1,"A","Fuel Dump",NA,"sculpin",3
"294",2020,2020-08-06,219,1,"A","Fuel Dump",NA,"3-spine",3
"295",2020,2020-08-06,219,18,"C","Fuel Dump",NA,"sculpin",1
"296",2020,2020-08-06,219,18,"C","Fuel Dump",NA,"3-spine",1
"297",2020,2020-08-06,219,14,"C","Fuel Dump",NA,"sculpin",0
"298",2020,2020-08-06,219,14,"C","Fuel Dump",NA,"3-spine",1
"299",2020,2020-08-06,219,5,"C","Fuel Dump",NA,"sculpin",1
"300",2020,2020-08-06,219,5,"C","Fuel Dump",NA,"3-spine",1
"301",2020,2020-08-06,219,4,"C","Fuel Dump","clip open on retrevial","sculpin",4
"302",2020,2020-08-06,219,4,"C","Fuel Dump","clip open on retrevial","3-spine",0
"303",2020,2020-08-06,219,3,"C","Fuel Dump",NA,"sculpin",3
"304",2020,2020-08-06,219,3,"C","Fuel Dump",NA,"3-spine",2
"305",2020,2020-08-06,219,19,"E","Fuel Dump",NA,"sculpin",8
"306",2020,2020-08-06,219,19,"E","Fuel Dump",NA,"3-spine",18
"307",2020,2020-08-06,219,15,"E","Fuel Dump",NA,"sculpin",30
"308",2020,2020-08-06,219,15,"E","Fuel Dump",NA,"3-spine",10
"309",2020,2020-08-06,219,11,"E","Fuel Dump",NA,"sculpin",105
"310",2020,2020-08-06,219,11,"E","Fuel Dump",NA,"3-spine",3
"311",2020,2020-08-06,219,8,"E","Fuel Dump",NA,"sculpin",28
"312",2020,2020-08-06,219,8,"E","Fuel Dump",NA,"3-spine",3
"313",2020,2020-08-06,219,7,"E","Fuel Dump",NA,"sculpin",14
"314",2020,2020-08-06,219,7,"E","Fuel Dump",NA,"3-spine",27
"315",2020,2020-08-06,219,17,"J","Fuel Dump",NA,"sculpin",6
"316",2020,2020-08-06,219,17,"J","Fuel Dump",NA,"3-spine",0
"317",2020,2020-08-06,219,16,"J","Fuel Dump",NA,"sculpin",6
"318",2020,2020-08-06,219,16,"J","Fuel Dump",NA,"3-spine",1
"319",2020,2020-08-06,219,13,"J","Fuel Dump",NA,"sculpin",5
"320",2020,2020-08-06,219,13,"J","Fuel Dump",NA,"3-spine",2
"321",2020,2020-08-06,219,12,"J","Fuel Dump",NA,"sculpin",1
"322",2020,2020-08-06,219,12,"J","Fuel Dump",NA,"3-spine",4
"323",2020,2020-08-06,219,2,"J","Fuel Dump",NA,"sculpin",7
"324",2020,2020-08-06,219,2,"J","Fuel Dump",NA,"3-spine",7
"325",2020,2020-08-07,220,16,"A","Fuel Dump",NA,"sculpin",10
"326",2020,2020-08-07,220,16,"A","Fuel Dump",NA,"3-spine",0
"327",2020,2020-08-07,220,9,"A","Fuel Dump",NA,"sculpin",12
"328",2020,2020-08-07,220,9,"A","Fuel Dump",NA,"3-spine",1
"329",2020,2020-08-07,220,5,"A","Fuel Dump",NA,"sculpin",8
"330",2020,2020-08-07,220,5,"A","Fuel Dump",NA,"3-spine",1
"331",2020,2020-08-07,220,3,"A","Fuel Dump",NA,"sculpin",4
"332",2020,2020-08-07,220,3,"A","Fuel Dump",NA,"3-spine",0
"333",2020,2020-08-07,220,2,"A","Fuel Dump",NA,"sculpin",6
"334",2020,2020-08-07,220,2,"A","Fuel Dump",NA,"3-spine",3
"335",2020,2020-08-07,220,19,"C","Fuel Dump",NA,"sculpin",2
"336",2020,2020-08-07,220,19,"C","Fuel Dump",NA,"3-spine",0
"337",2020,2020-08-07,220,17,"C","Fuel Dump",NA,"sculpin",3
"338",2020,2020-08-07,220,17,"C","Fuel Dump",NA,"3-spine",1
"339",2020,2020-08-07,220,15,"C","Fuel Dump",NA,"sculpin",1
"340",2020,2020-08-07,220,15,"C","Fuel Dump",NA,"3-spine",0
"341",2020,2020-08-07,220,13,"C","Fuel Dump",NA,"sculpin",1
"342",2020,2020-08-07,220,13,"C","Fuel Dump",NA,"3-spine",5
"343",2020,2020-08-07,220,8,"C","Fuel Dump",NA,"sculpin",3
"344",2020,2020-08-07,220,8,"C","Fuel Dump",NA,"3-spine",2
"345",2020,2020-08-07,220,20,"E","Fuel Dump",NA,"sculpin",20
"346",2020,2020-08-07,220,20,"E","Fuel Dump",NA,"3-spine",0
"347",2020,2020-08-07,220,18,"E","Fuel Dump",NA,"sculpin",0
"348",2020,2020-08-07,220,18,"E","Fuel Dump",NA,"3-spine",0
"349",2020,2020-08-07,220,14,"E","Fuel Dump",NA,"sculpin",9
"350",2020,2020-08-07,220,14,"E","Fuel Dump",NA,"3-spine",1
"351",2020,2020-08-07,220,7,"E","Fuel Dump",NA,"sculpin",7
"352",2020,2020-08-07,220,7,"E","Fuel Dump",NA,"3-spine",1
"353",2020,2020-08-07,220,6,"E","Fuel Dump",NA,"sculpin",11
"354",2020,2020-08-07,220,6,"E","Fuel Dump",NA,"3-spine",0
"355",2020,2020-08-07,220,12,"J","Fuel Dump",NA,"sculpin",9
"356",2020,2020-08-07,220,12,"J","Fuel Dump",NA,"3-spine",2
"357",2020,2020-08-07,220,11,"J","Fuel Dump",NA,"sculpin",36
"358",2020,2020-08-07,220,11,"J","Fuel Dump",NA,"3-spine",6
"359",2020,2020-08-07,220,10,"J","Fuel Dump",NA,"sculpin",12
"360",2020,2020-08-07,220,10,"J","Fuel Dump",NA,"3-spine",6
"361",2020,2020-08-07,220,4,"J","Fuel Dump",NA,"sculpin",6
"362",2020,2020-08-07,220,4,"J","Fuel Dump",NA,"3-spine",8
"363",2020,2020-08-07,220,1,"J","Fuel Dump",NA,"sculpin",1
"364",2020,2020-08-07,220,1,"J","Fuel Dump",NA,"3-spine",3
"365",2020,2020-08-08,221,20,"A","Fuel Dump","Overall weather was strong SW wind but beach was comparitively calm (3SW), recovery time estimated","sculpin",10
"366",2020,2020-08-08,221,20,"A","Fuel Dump","Overall weather was strong SW wind but beach was comparitively calm (3SW), recovery time estimated","3-spine",1
"367",2020,2020-08-08,221,10,"A","Fuel Dump",NA,"sculpin",6
"368",2020,2020-08-08,221,10,"A","Fuel Dump",NA,"3-spine",2
"369",2020,2020-08-08,221,5,"A","Fuel Dump",NA,"sculpin",2
"370",2020,2020-08-08,221,5,"A","Fuel Dump",NA,"3-spine",3
"371",2020,2020-08-08,221,4,"A","Fuel Dump",NA,"sculpin",4
"372",2020,2020-08-08,221,4,"A","Fuel Dump",NA,"3-spine",1
"373",2020,2020-08-08,221,2,"A","Fuel Dump","windy at traps 1-3 17SW","sculpin",0
"374",2020,2020-08-08,221,2,"A","Fuel Dump","windy at traps 1-3 17SW","3-spine",0
"375",2020,2020-08-08,221,18,"C","Fuel Dump",NA,"sculpin",5
"376",2020,2020-08-08,221,18,"C","Fuel Dump",NA,"3-spine",0
"377",2020,2020-08-08,221,17,"C","Fuel Dump",NA,"sculpin",1
"378",2020,2020-08-08,221,17,"C","Fuel Dump",NA,"3-spine",22
"379",2020,2020-08-08,221,14,"C","Fuel Dump",NA,"sculpin",4
"380",2020,2020-08-08,221,14,"C","Fuel Dump",NA,"3-spine",0
"381",2020,2020-08-08,221,6,"C","Fuel Dump",NA,"sculpin",0
"382",2020,2020-08-08,221,6,"C","Fuel Dump",NA,"3-spine",1
"383",2020,2020-08-08,221,1,"C","Fuel Dump","windy at traps 1-3 17SW","sculpin",1
"384",2020,2020-08-08,221,1,"C","Fuel Dump","windy at traps 1-3 17SW","3-spine",0
"385",2020,2020-08-08,221,19,"E","Fuel Dump",NA,"sculpin",86
"386",2020,2020-08-08,221,19,"E","Fuel Dump",NA,"3-spine",4
"387",2020,2020-08-08,221,13,"E","Fuel Dump",NA,"sculpin",40
"388",2020,2020-08-08,221,13,"E","Fuel Dump",NA,"3-spine",14
"389",2020,2020-08-08,221,11,"E","Fuel Dump",NA,"sculpin",17
"390",2020,2020-08-08,221,11,"E","Fuel Dump",NA,"3-spine",7
"391",2020,2020-08-08,221,7,"E","Fuel Dump","rainbow about 175mm","sculpin",31
"392",2020,2020-08-08,221,7,"E","Fuel Dump","rainbow about 175mm","3-spine",8
"393",2020,2020-08-08,221,16,"J","Fuel Dump",NA,"sculpin",5
"394",2020,2020-08-08,221,16,"J","Fuel Dump",NA,"3-spine",30
"395",2020,2020-08-08,221,15,"J","Fuel Dump",NA,"sculpin",31
"396",2020,2020-08-08,221,15,"J","Fuel Dump",NA,"3-spine",15
"397",2020,2020-08-08,221,12,"J","Fuel Dump",NA,"sculpin",12
"398",2020,2020-08-08,221,12,"J","Fuel Dump",NA,"3-spine",7
"399",2020,2020-08-08,221,9,"J","Fuel Dump",NA,"sculpin",6
"400",2020,2020-08-08,221,9,"J","Fuel Dump",NA,"3-spine",0
"401",2020,2020-08-08,221,8,"J","Fuel Dump",NA,"sculpin",3
"402",2020,2020-08-08,221,8,"J","Fuel Dump",NA,"3-spine",2
"403",2020,2020-08-08,221,3,"J","Fuel Dump","sockeye tangled in bouy line; windy at traps 1-3 17SW","sculpin",16
"404",2020,2020-08-08,221,3,"J","Fuel Dump","sockeye tangled in bouy line; windy at traps 1-3 17SW","3-spine",3
"405",2020,2020-08-11,224,14,"A","Fuel Dump",NA,"sculpin",0
"406",2020,2020-08-11,224,14,"A","Fuel Dump",NA,"3-spine",1
"407",2020,2020-08-11,224,11,"A","Fuel Dump",NA,"sculpin",3
"408",2020,2020-08-11,224,11,"A","Fuel Dump",NA,"3-spine",52
"409",2020,2020-08-11,224,10,"A","Fuel Dump",NA,"sculpin",2
"410",2020,2020-08-11,224,10,"A","Fuel Dump",NA,"3-spine",6
"411",2020,2020-08-11,224,9,"A","Fuel Dump",NA,"sculpin",4
"412",2020,2020-08-11,224,9,"A","Fuel Dump",NA,"3-spine",15
"413",2020,2020-08-11,224,2,"A","Fuel Dump",NA,"sculpin",4
"414",2020,2020-08-11,224,2,"A","Fuel Dump",NA,"3-spine",2
"415",2020,2020-08-11,224,20,"C","Fuel Dump",NA,"sculpin",1
"416",2020,2020-08-11,224,20,"C","Fuel Dump",NA,"3-spine",0
"417",2020,2020-08-11,224,17,"C","Fuel Dump",NA,"sculpin",3
"418",2020,2020-08-11,224,17,"C","Fuel Dump",NA,"3-spine",4
"419",2020,2020-08-11,224,16,"C","Fuel Dump","opened on recovery","sculpin",1
"420",2020,2020-08-11,224,16,"C","Fuel Dump","opened on recovery","3-spine",0
"421",2020,2020-08-11,224,13,"C","Fuel Dump",NA,"sculpin",0
"422",2020,2020-08-11,224,13,"C","Fuel Dump",NA,"3-spine",1
"423",2020,2020-08-11,224,8,"C","Fuel Dump",NA,"sculpin",5
"424",2020,2020-08-11,224,8,"C","Fuel Dump",NA,"3-spine",10
"425",2020,2020-08-11,224,19,"E","Fuel Dump",NA,"sculpin",14
"426",2020,2020-08-11,224,19,"E","Fuel Dump",NA,"3-spine",1
"427",2020,2020-08-11,224,7,"E","Fuel Dump",NA,"sculpin",78
"428",2020,2020-08-11,224,7,"E","Fuel Dump",NA,"3-spine",12
"429",2020,2020-08-11,224,5,"E","Fuel Dump",NA,"sculpin",71
"430",2020,2020-08-11,224,5,"E","Fuel Dump",NA,"3-spine",7
"431",2020,2020-08-11,224,4,"E","Fuel Dump",NA,"sculpin",17
"432",2020,2020-08-11,224,4,"E","Fuel Dump",NA,"3-spine",3
"433",2020,2020-08-11,224,1,"E","Fuel Dump","saved before and after amino and egg juice","sculpin",64
"434",2020,2020-08-11,224,1,"E","Fuel Dump","saved before and after amino and egg juice","3-spine",1
"435",2020,2020-08-11,224,18,"J","Fuel Dump",NA,"sculpin",4
"436",2020,2020-08-11,224,18,"J","Fuel Dump",NA,"3-spine",0
"437",2020,2020-08-11,224,15,"J","Fuel Dump",NA,"sculpin",4
"438",2020,2020-08-11,224,15,"J","Fuel Dump",NA,"3-spine",0
"439",2020,2020-08-11,224,12,"J","Fuel Dump",NA,"sculpin",10
"440",2020,2020-08-11,224,12,"J","Fuel Dump",NA,"3-spine",16
"441",2020,2020-08-11,224,6,"J","Fuel Dump",NA,"sculpin",6
"442",2020,2020-08-11,224,6,"J","Fuel Dump",NA,"3-spine",2
"443",2020,2020-08-11,224,3,"J","Fuel Dump",NA,"sculpin",3
"444",2020,2020-08-11,224,3,"J","Fuel Dump",NA,"3-spine",4
"445",2025,2025-08-16,228,3,"A","Fuel Dump",NA,"sculpin",0
"446",2025,2025-08-16,228,3,"A","Fuel Dump",NA,"3-spine",0
"447",2025,2025-08-16,228,7,"A","Fuel Dump",NA,"sculpin",0
"448",2025,2025-08-16,228,7,"A","Fuel Dump",NA,"3-spine",1
"449",2025,2025-08-16,228,10,"A","Fuel Dump",NA,"sculpin",2
"450",2025,2025-08-16,228,10,"A","Fuel Dump",NA,"3-spine",0
"451",2025,2025-08-16,228,13,"A","Fuel Dump",NA,"sculpin",0
"452",2025,2025-08-16,228,13,"A","Fuel Dump",NA,"3-spine",0
"453",2025,2025-08-16,228,19,"A","Fuel Dump",NA,"sculpin",0
"454",2025,2025-08-16,228,19,"A","Fuel Dump",NA,"3-spine",0
"455",2025,2025-08-16,228,2,"C","Fuel Dump",NA,"sculpin",1
"456",2025,2025-08-16,228,2,"C","Fuel Dump",NA,"3-spine",3
"457",2025,2025-08-16,228,8,"C","Fuel Dump",NA,"sculpin",0
"458",2025,2025-08-16,228,8,"C","Fuel Dump",NA,"3-spine",0
"459",2025,2025-08-16,228,12,"C","Fuel Dump",NA,"sculpin",0
"460",2025,2025-08-16,228,12,"C","Fuel Dump",NA,"3-spine",0
"461",2025,2025-08-16,228,14,"C","Fuel Dump",NA,"sculpin",0
"462",2025,2025-08-16,228,14,"C","Fuel Dump",NA,"3-spine",0
"463",2025,2025-08-16,228,20,"C","Fuel Dump","Trapped opened on retrieve","sculpin",0
"464",2025,2025-08-16,228,20,"C","Fuel Dump","Trapped opened on retrieve","3-spine",0
"465",2025,2025-08-16,228,1,"E","Fuel Dump",NA,"sculpin",61
"466",2025,2025-08-16,228,1,"E","Fuel Dump",NA,"3-spine",0
"467",2025,2025-08-16,228,6,"E","Fuel Dump",NA,"sculpin",4
"468",2025,2025-08-16,228,6,"E","Fuel Dump",NA,"3-spine",0
"469",2025,2025-08-16,228,9,"E","Fuel Dump",NA,"sculpin",6
"470",2025,2025-08-16,228,9,"E","Fuel Dump",NA,"3-spine",0
"471",2025,2025-08-16,228,15,"E","Fuel Dump",NA,"sculpin",10
"472",2025,2025-08-16,228,15,"E","Fuel Dump",NA,"3-spine",3
"473",2025,2025-08-16,228,17,"E","Fuel Dump",NA,"sculpin",10
"474",2025,2025-08-16,228,17,"E","Fuel Dump",NA,"3-spine",2
"475",2025,2025-08-16,228,4,"J","Fuel Dump","egg juice only soaked ~1 hr before deployment","sculpin",2
"476",2025,2025-08-16,228,4,"J","Fuel Dump","egg juice only soaked ~1 hr before deployment","3-spine",0
"477",2025,2025-08-16,228,5,"J","Fuel Dump","egg juice only soaked ~1 hr before deployment","sculpin",2
"478",2025,2025-08-16,228,5,"J","Fuel Dump","egg juice only soaked ~1 hr before deployment","3-spine",0
"479",2025,2025-08-16,228,11,"J","Fuel Dump","egg juice only soaked ~1 hr before deployment","sculpin",1
"480",2025,2025-08-16,228,11,"J","Fuel Dump","egg juice only soaked ~1 hr before deployment","3-spine",0
"481",2025,2025-08-16,228,16,"J","Fuel Dump","egg juice only soaked ~1 hr before deployment","sculpin",0
"482",2025,2025-08-16,228,16,"J","Fuel Dump","egg juice only soaked ~1 hr before deployment","3-spine",0
"483",2025,2025-08-16,228,18,"J","Fuel Dump","egg juice only soaked ~1 hr before deployment","sculpin",0
"484",2025,2025-08-16,228,18,"J","Fuel Dump","egg juice only soaked ~1 hr before deployment","3-spine",0
"485",2025,2025-08-18,230,3,"A","Fuel Dump",NA,"sculpin",0
"486",2025,2025-08-18,230,3,"A","Fuel Dump",NA,"3-spine",0
"487",2025,2025-08-18,230,5,"A","Fuel Dump",NA,"sculpin",1
"488",2025,2025-08-18,230,5,"A","Fuel Dump",NA,"3-spine",0
"489",2025,2025-08-18,230,6,"A","Fuel Dump",NA,"sculpin",1
"490",2025,2025-08-18,230,6,"A","Fuel Dump",NA,"3-spine",4
"491",2025,2025-08-18,230,12,"A","Fuel Dump",NA,"sculpin",0
"492",2025,2025-08-18,230,12,"A","Fuel Dump",NA,"3-spine",2
"493",2025,2025-08-18,230,14,"A","Fuel Dump",NA,"sculpin",0
"494",2025,2025-08-18,230,14,"A","Fuel Dump",NA,"3-spine",16
"495",2025,2025-08-18,230,1,"C","Fuel Dump",NA,"sculpin",0
"496",2025,2025-08-18,230,1,"C","Fuel Dump",NA,"3-spine",0
"497",2025,2025-08-18,230,7,"C","Fuel Dump",NA,"sculpin",0
"498",2025,2025-08-18,230,7,"C","Fuel Dump",NA,"3-spine",0
"499",2025,2025-08-18,230,13,"C","Fuel Dump",NA,"sculpin",0
"500",2025,2025-08-18,230,13,"C","Fuel Dump",NA,"3-spine",9
"501",2025,2025-08-18,230,16,"C","Fuel Dump",NA,"sculpin",0
"502",2025,2025-08-18,230,16,"C","Fuel Dump",NA,"3-spine",0
"503",2025,2025-08-18,230,2,"E","Fuel Dump",NA,"sculpin",0
"504",2025,2025-08-18,230,2,"E","Fuel Dump",NA,"3-spine",0
"505",2025,2025-08-18,230,4,"E","Fuel Dump",NA,"sculpin",0
"506",2025,2025-08-18,230,4,"E","Fuel Dump",NA,"3-spine",0
"507",2025,2025-08-18,230,11,"E","Fuel Dump",NA,"sculpin",2
"508",2025,2025-08-18,230,11,"E","Fuel Dump",NA,"3-spine",3
"509",2025,2025-08-18,230,17,"E","Fuel Dump",NA,"sculpin",6
"510",2025,2025-08-18,230,17,"E","Fuel Dump",NA,"3-spine",0
"511",2025,2025-08-18,230,18,"E","Fuel Dump",NA,"sculpin",2
"512",2025,2025-08-18,230,18,"E","Fuel Dump",NA,"3-spine",0
"513",2025,2025-08-18,230,8,"J","Fuel Dump",NA,"sculpin",1
"514",2025,2025-08-18,230,8,"J","Fuel Dump",NA,"3-spine",3
"515",2025,2025-08-18,230,9,"J","Fuel Dump",NA,"sculpin",2
"516",2025,2025-08-18,230,9,"J","Fuel Dump",NA,"3-spine",0
"517",2025,2025-08-18,230,10,"J","Fuel Dump",NA,"sculpin",0
"518",2025,2025-08-18,230,10,"J","Fuel Dump",NA,"3-spine",0
"519",2025,2025-08-18,230,15,"J","Fuel Dump",NA,"sculpin",0
"520",2025,2025-08-18,230,15,"J","Fuel Dump",NA,"3-spine",3
"521",2025,2025-08-18,230,20,"J","Fuel Dump",NA,"sculpin",0
"522",2025,2025-08-18,230,20,"J","Fuel Dump",NA,"3-spine",0
"523",2025,2025-08-19,231,1,"A","Fuel Dump",NA,"sculpin",0
"524",2025,2025-08-19,231,1,"A","Fuel Dump",NA,"3-spine",1
"525",2025,2025-08-19,231,4,"A","Fuel Dump",NA,"sculpin",2
"526",2025,2025-08-19,231,4,"A","Fuel Dump",NA,"3-spine",1
"527",2025,2025-08-19,231,15,"A","Fuel Dump",NA,"sculpin",1
"528",2025,2025-08-19,231,15,"A","Fuel Dump",NA,"3-spine",0
"529",2025,2025-08-19,231,19,"A","Fuel Dump",NA,"sculpin",0
"530",2025,2025-08-19,231,19,"A","Fuel Dump",NA,"3-spine",0
"531",2025,2025-08-19,231,20,"A","Fuel Dump",NA,"sculpin",0
"532",2025,2025-08-19,231,20,"A","Fuel Dump",NA,"3-spine",0
"533",2025,2025-08-19,231,7,"C","Fuel Dump",NA,"sculpin",1
"534",2025,2025-08-19,231,7,"C","Fuel Dump",NA,"3-spine",1
"535",2025,2025-08-19,231,9,"C","Fuel Dump",NA,"sculpin",0
"536",2025,2025-08-19,231,9,"C","Fuel Dump",NA,"3-spine",0
"537",2025,2025-08-19,231,10,"C","Fuel Dump",NA,"sculpin",0
"538",2025,2025-08-19,231,10,"C","Fuel Dump",NA,"3-spine",1
"539",2025,2025-08-19,231,16,"C","Fuel Dump",NA,"sculpin",2
"540",2025,2025-08-19,231,16,"C","Fuel Dump",NA,"3-spine",1
"541",2025,2025-08-19,231,21,"C","Fuel Dump",NA,"sculpin",0
"542",2025,2025-08-19,231,21,"C","Fuel Dump",NA,"3-spine",0
"543",2025,2025-08-19,231,2,"E","Fuel Dump",NA,"sculpin",28
"544",2025,2025-08-19,231,2,"E","Fuel Dump",NA,"3-spine",0
"545",2025,2025-08-19,231,5,"E","Fuel Dump",NA,"sculpin",30
"546",2025,2025-08-19,231,5,"E","Fuel Dump",NA,"3-spine",4
"547",2025,2025-08-19,231,6,"E","Fuel Dump",NA,"sculpin",48
"548",2025,2025-08-19,231,6,"E","Fuel Dump",NA,"3-spine",0
"549",2025,2025-08-19,231,8,"E","Fuel Dump",NA,"sculpin",10
"550",2025,2025-08-19,231,8,"E","Fuel Dump",NA,"3-spine",0
"551",2025,2025-08-19,231,11,"E","Fuel Dump",NA,"sculpin",5
"552",2025,2025-08-19,231,11,"E","Fuel Dump",NA,"3-spine",0
"553",2025,2025-08-19,231,3,"J","Fuel Dump",NA,"sculpin",0
"554",2025,2025-08-19,231,3,"J","Fuel Dump",NA,"3-spine",1
"555",2025,2025-08-19,231,12,"J","Fuel Dump",NA,"sculpin",7
"556",2025,2025-08-19,231,12,"J","Fuel Dump",NA,"3-spine",4
"557",2025,2025-08-19,231,14,"J","Fuel Dump",NA,"sculpin",0
"558",2025,2025-08-19,231,14,"J","Fuel Dump",NA,"3-spine",2
"559",2025,2025-08-19,231,17,"J","Fuel Dump",NA,"sculpin",2
"560",2025,2025-08-19,231,17,"J","Fuel Dump",NA,"3-spine",1
"561",2025,2025-08-19,231,18,"J","Fuel Dump",NA,"sculpin",0
"562",2025,2025-08-19,231,18,"J","Fuel Dump",NA,"3-spine",0
"563",2025,2025-08-20,232,1,"A","Fuel Dump",NA,"sculpin",2
"564",2025,2025-08-20,232,1,"A","Fuel Dump",NA,"3-spine",2
"565",2025,2025-08-20,232,6,"A","Fuel Dump",NA,"sculpin",0
"566",2025,2025-08-20,232,6,"A","Fuel Dump",NA,"3-spine",1
"567",2025,2025-08-20,232,9,"A","Fuel Dump",NA,"sculpin",1
"568",2025,2025-08-20,232,9,"A","Fuel Dump",NA,"3-spine",0
"569",2025,2025-08-20,232,13,"A","Fuel Dump",NA,"sculpin",0
"570",2025,2025-08-20,232,13,"A","Fuel Dump",NA,"3-spine",1
"571",2025,2025-08-20,232,19,"A","Fuel Dump",NA,"sculpin",0
"572",2025,2025-08-20,232,19,"A","Fuel Dump",NA,"3-spine",0
"573",2025,2025-08-20,232,2,"C","Fuel Dump",NA,"sculpin",0
"574",2025,2025-08-20,232,2,"C","Fuel Dump",NA,"3-spine",0
"575",2025,2025-08-20,232,5,"C","Fuel Dump",NA,"sculpin",1
"576",2025,2025-08-20,232,5,"C","Fuel Dump",NA,"3-spine",0
"577",2025,2025-08-20,232,7,"C","Fuel Dump",NA,"sculpin",1
"578",2025,2025-08-20,232,7,"C","Fuel Dump",NA,"3-spine",0
"579",2025,2025-08-20,232,10,"C","Fuel Dump",NA,"sculpin",3
"580",2025,2025-08-20,232,10,"C","Fuel Dump",NA,"3-spine",0
"581",2025,2025-08-20,232,12,"C","Fuel Dump",NA,"sculpin",0
"582",2025,2025-08-20,232,12,"C","Fuel Dump",NA,"3-spine",0
"583",2025,2025-08-20,232,3,"E","Fuel Dump",NA,"sculpin",6
"584",2025,2025-08-20,232,3,"E","Fuel Dump",NA,"3-spine",1
"585",2025,2025-08-20,232,8,"E","Fuel Dump",NA,"sculpin",2
"586",2025,2025-08-20,232,8,"E","Fuel Dump",NA,"3-spine",2
"587",2025,2025-08-20,232,21,"E","Fuel Dump",NA,"sculpin",9
"588",2025,2025-08-20,232,21,"E","Fuel Dump",NA,"3-spine",2
"589",2025,2025-08-20,232,4,"J","Fuel Dump",NA,"sculpin",1
"590",2025,2025-08-20,232,4,"J","Fuel Dump",NA,"3-spine",1
"591",2025,2025-08-20,232,14,"J","Fuel Dump",NA,"sculpin",0
"592",2025,2025-08-20,232,14,"J","Fuel Dump",NA,"3-spine",2
"593",2025,2025-08-20,232,15,"J","Fuel Dump",NA,"sculpin",0
"594",2025,2025-08-20,232,15,"J","Fuel Dump",NA,"3-spine",0
"595",2025,2025-08-20,232,18,"J","Fuel Dump",NA,"sculpin",0
"596",2025,2025-08-20,232,18,"J","Fuel Dump",NA,"3-spine",0
"597",2025,2025-08-20,232,20,"J","Fuel Dump",NA,"sculpin",0
"598",2025,2025-08-20,232,20,"J","Fuel Dump",NA,"3-spine",0
